Mes,C. CUSTOS,ÁREA,OPEX,CAPEX
2026-01,10010017.0,ADMINISTRATIVO-BASE FLORES,1501.157313220393,0.0
2026-01,10010018.0,ADMINISTRATIVO-BASE PONTA NEGRA,1869.474883297255,0.0
2026-01,10010019.0,ADMINISTRATIVO-BASE SÃO JOSÉ,1611.3963532480025,0.0
2026-01,10210001.0,ADMINISTRAÇÃO RORAIMA,1871.8822563852068,0.0
2026-01,10010027.0,ADMINSTRATIVO-BASE CIDADE NOVA,1481.2000593546247,0.0
2026-01,10020026.0,AE CT. 124.181/2021 - INSPEÇÃO INTERIOR,590.7343128711695,0.0
2026-01,10020033.0,AE-CT 116776/2019 - INSPEÇÃO CAPITAL,139312.5704642927,0.0
2026-01,10020024.0,AE-CT. 124.178/2020 - LIES INTERIOR,2370.504151856995,0.0
2026-01,10020025.0,AE-CT. 124.180/2021 MULT INTER,877617.800614978,0.0
2026-01,10020028.0,AE-CT. 4600000555/2021- MANUTENÇÃO EMERGENCIAL,187586.31291237142,0.0
2026-01,10020030.0,AE-CT. 4600000822/2021– MANUTENÇÃO PROGRAMADA,126448.24213337881,0.0
2026-01,10020032.0,"AE-CT. 4600000977/2021 - EXPANS, BLIND DE REDE",67440.22898764262,0.0
2026-01,10020039.0,AE-CT.116776/2019 - SERVIÇOS COMERCIAIS,40135.55229971557,0.0
2026-01,10020035.0,AE-CT.116776/2019 SMC COMERCIAL,91062.3845797624,0.0
2026-01,10020014.0,AE-CT.116776/2019-CORTE E RELIGAÇÃO,3687.444064293869,0.0
2026-01,10020023.0,AE-CT.124.179/2020 - LIES CAPITAL,13912.707086401566,0.0
2026-01,10020036.0,AE-CT.4600001644/2022 – IMPLANTAÇÃO MLA,16.78651680461395,0.0
2026-01,10020037.0,AE-CT.4600001645/2022 – O&M,9024.560180202223,0.0
2026-01,10020040.0,AE-CT.4600002346/2023 - RESGATE DE RECEITAS,134742.27624122376,0.0
2026-01,10010022.0,ALMOXARIFADO,22247.54540214902,0.0
2026-01,1200.0,AMAZONAS ENERGIA,172.27655049567505,0.0
2026-01,10010034.0,AMBULATÓRIO,141.9348949599666,0.0
2026-01,10010036.0,COMUNICAÇÃO,17.72474800300144,0.0
2026-01,10010033.0,DEPARTAMENTO PESSOAL,139.69375013964188,0.0
2026-01,10020001.0,DIRETORIA TEC.OPER.,157.1834487522546,0.0
2026-01,10010001.0,DIRETORIA-ADM,715.4115281339975,0.0
2026-01,10010002.0,FINANCEIRO,512.2419378197443,0.0
2026-01,10020003.0,FROTA,20077.41786327464,0.0
2026-01,10010008.0,JURIDICO,585.2014306654233,0.0
2026-01,10020034.0,LABORATÓRIO DE ENSAIOS E MEDIÇÕES(LEM),2150.6213869399207,0.0
2026-01,nan,LIES RR,4153.142170381085,0.0
2026-01,10020038.0,MANUTENÇÃO PROGRAMADA INTERIOR,8.862189786594366,0.0
2026-01,10020043.0,OBRAS CONSTRUÇÕES DIVERSAS,55.07656163593836,0.0
2026-01,10220006.0,OC. 17.104/2021 MANUT LEVE RR,6392.488033993315,0.0
2026-01,10220010.0,OC. 4600002483/2024 – MANUTENÇÃO PESADA,61189.40246878885,0.0
2026-01,10220011.0,OC. 4600002484/2024 – MANUTENÇÃO LEVE,170449.09548461752,0.0
2026-01,10220012.0,OC. 4600002487/2024 – LINHA VIVA PESADA,1171.595501422465,0.0
2026-01,10220014.0,OC. 4600002976/2025 - CORTE E LIGAÇÃO - CAPITAL,3186.2824364461544,0.0
2026-01,10220005.0,OFICINA MECANICA RORAIMA,264.0854823701867,0.0
2026-01,10020019.0,OFICINA MECÂNICA,277580.27881372155,0.0
2026-01,10010010.0,PATRIMÔNIO,2835.457521326255,0.0
2026-01,10010006.0,RECURSOS HUMANOS,181.27546908445635,0.0
2026-01,10010014.0,SESMT,2194.4510788214066,0.0
2026-01,10010012.0,SGQ E COMPLIANCE,1020.6785863518853,0.0
2026-01,10010009.0,TI,1072.9843269888768,0.0
2026-01,10020003.0,TRANSPORTES,1820.8838373468895,0.0
2026-02,10010017.0,ADMINISTRATIVO-BASE FLORES,821.1349096830171,0.0
2026-02,10010018.0,ADMINISTRATIVO-BASE PONTA NEGRA,848.7103995932999,0.0
2026-02,10010019.0,ADMINISTRATIVO-BASE SÃO JOSÉ,819.5600456723561,0.0
2026-02,10010027.0,ADMINSTRATIVO-BASE CIDADE NOVA,810.2182670991477,0.0
2026-02,10020026.0,AE CT. 124.181/2021 - INSPEÇÃO INTERIOR,181.51199308939508,0.0
2026-02,10020033.0,AE-CT 116776/2019 - INSPEÇÃO CAPITAL,158535.52443062712,0.0
2026-02,10020024.0,AE-CT. 124.178/2020 - LIES INTERIOR,1882.9432001306832,0.0
2026-02,10020025.0,AE-CT. 124.180/2021 MULT INTER,1018084.1864514424,0.0
2026-02,10020028.0,AE-CT. 4600000555/2021- MANUTENÇÃO EMERGENCIAL,199115.16199369193,0.0
2026-02,10020030.0,AE-CT. 4600000822/2021– MANUTENÇÃO PROGRAMADA,127640.26955926104,0.0
2026-02,10020032.0,"AE-CT. 4600000977/2021 - EXPANS, BLIND DE REDE",85060.62677077707,0.0
2026-02,10020039.0,AE-CT.116776/2019 - SERVIÇOS COMERCIAIS,43204.848904174374,0.0
2026-02,10020035.0,AE-CT.116776/2019 SMC COMERCIAL,87447.34213914903,0.0
2026-02,10020014.0,AE-CT.116776/2019-CORTE E RELIGAÇÃO,1502.7472540953847,0.0
2026-02,10020023.0,AE-CT.124.179/2020 - LIES CAPITAL,15252.371229006209,0.0
2026-02,10020036.0,AE-CT.4600001644/2022 – IMPLANTAÇÃO MLA,5.157909496444974,0.0
2026-02,10020037.0,AE-CT.4600001645/2022 – O&M,1012.1308326391675,0.0
2026-02,10020040.0,AE-CT.4600002346/2023 - RESGATE DE RECEITAS,163468.26060764526,0.0
2026-02,10010022.0,ALMOXARIFADO,29992.346468513413,0.0
2026-02,1200.0,AMAZONAS ENERGIA,184.2284382635834,0.0
2026-02,10010036.0,COMUNICAÇÃO,25.341250576246896,0.0
2026-02,10020001.0,DIRETORIA TEC.OPER.,444.9836716551059,0.0
2026-02,10010001.0,DIRETORIA-ADM,296.83567931678084,0.0
2026-02,10020003.0,FROTA,23130.436918464166,0.0
2026-02,10020034.0,LABORATÓRIO DE ENSAIOS E MEDIÇÕES(LEM),660.8107330465443,0.0
2026-02,nan,LIES RR,4768.540981001171,0.0
2026-02,10020043.0,OBRAS CONSTRUÇÕES DIVERSAS,16.923101057835957,0.0
2026-02,10220006.0,OC. 17.104/2021 MANUT LEVE RR,7339.7056758737635,0.0
2026-02,10220010.0,OC. 4600002483/2024 – MANUTENÇÃO PESADA,75608.22170598952,0.0
2026-02,10220011.0,OC. 4600002484/2024 – MANUTENÇÃO LEVE,193603.22720648148,0.0
2026-02,10220012.0,OC. 4600002487/2024 – LINHA VIVA PESADA,1293.8478231468291,0.0
2026-02,10220014.0,OC. 4600002976/2025 - CORTE E LIGAÇÃO - CAPITAL,26116.967074430522,0.0
2026-02,10220005.0,OFICINA MECANICA RORAIMA,81.14423219807233,0.0
2026-02,10020019.0,OFICINA MECÂNICA,378719.3144753901,0.0
2026-02,10010010.0,PATRIMÔNIO,3094.002689497445,0.0
2026-02,10010014.0,SESMT,2691.755122322572,0.0
2026-02,10010012.0,SGQ E COMPLIANCE,38.12556241241792,0.0
2026-02,10010009.0,TI,493.30469146458574,0.0
2026-02,10020003.0,TRANSPORTES,559.4939168078757,0.0
2026-03,10210001.0,ADMINISTRAÇÃO RORAIMA,325.94964663423997,0.0
2026-03,10020026.0,AE CT. 124.181/2021 - INSPEÇÃO INTERIOR,725.4748323482728,0.0
2026-03,10020033.0,AE-CT 116776/2019 - INSPEÇÃO CAPITAL,148805.50363737368,0.0
2026-03,10020024.0,AE-CT. 124.178/2020 - LIES INTERIOR,4065.136604111111,0.0
2026-03,10020025.0,AE-CT. 124.180/2021 MULT INTER,963955.0148065711,0.0
2026-03,10020028.0,AE-CT. 4600000555/2021- MANUTENÇÃO EMERGENCIAL,218738.65881158505,0.0
2026-03,10020030.0,AE-CT. 4600000822/2021– MANUTENÇÃO PROGRAMADA,179763.12045979913,0.0
2026-03,10020032.0,"AE-CT. 4600000977/2021 - EXPANS, BLIND DE REDE",77370.12528938,0.0
2026-03,10020039.0,AE-CT.116776/2019 - SERVIÇOS COMERCIAIS,38708.32565856044,0.0
2026-03,10020035.0,AE-CT.116776/2019 SMC COMERCIAL,97260.64893580215,0.0
2026-03,10020014.0,AE-CT.116776/2019-CORTE E RELIGAÇÃO,4562.8106623407375,0.0
2026-03,10020023.0,AE-CT.124.179/2020 - LIES CAPITAL,16211.473984443895,0.0
2026-03,10020036.0,AE-CT.4600001644/2022 – IMPLANTAÇÃO MLA,20.61535143497692,0.0
2026-03,10020037.0,AE-CT.4600001645/2022 – O&M,39540.94072008671,0.0
2026-03,10020040.0,AE-CT.4600002346/2023 - RESGATE DE RECEITAS,151429.4723538772,0.0
2026-03,10010022.0,ALMOXARIFADO,75589.01904029731,0.0
2026-03,1200.0,AMAZONAS ENERGIA,183.6092957659016,0.0
2026-03,10010036.0,COMUNICAÇÃO,15.503251625828282,0.0
2026-03,10020001.0,DIRETORIA TEC.OPER.,383.0962825236512,0.0
2026-03,10010001.0,DIRETORIA-ADM,244.57397263862066,0.0
2026-03,10020003.0,FROTA,35760.33743425394,0.0
2026-03,10010008.0,JURIDICO,852.8324307575966,0.0
2026-03,10020034.0,LABORATÓRIO DE ENSAIOS E MEDIÇÕES(LEM),2641.156364443503,0.0
2026-03,nan,LIES RR,4358.42308875197,0.0
2026-03,10020043.0,OBRAS CONSTRUÇÕES DIVERSAS,67.63896805815925,0.0
2026-03,10220006.0,OC. 17.104/2021 MANUT LEVE RR,6708.455020062715,0.0
2026-03,10220010.0,OC. 4600002483/2024 – MANUTENÇÃO PESADA,67102.4639741303,0.0
2026-03,10220011.0,OC. 4600002484/2024 – MANUTENÇÃO LEVE,205980.86888708593,0.0
2026-03,10220012.0,OC. 4600002487/2024 – LINHA VIVA PESADA,2092.762776961563,0.0
2026-03,10220014.0,OC. 4600002976/2025 - CORTE E LIGAÇÃO - CAPITAL,34955.35802730326,0.0
2026-03,10220005.0,OFICINA MECANICA RORAIMA,1121.542536645235,0.0
2026-03,10020019.0,OFICINA MECÂNICA,328547.2369653234,0.0
2026-03,10010010.0,PATRIMÔNIO,3362.512749330951,0.0
2026-03,10010006.0,RECURSOS HUMANOS,264.4371532465118,0.0
2026-03,10010014.0,SESMT,2484.070326407083,0.0
2026-03,10010012.0,SGQ E COMPLIANCE,34.84657721344551,0.0
2026-03,10010009.0,TI,450.87807059540273,0.0
2026-03,10020003.0,TRANSPORTES,2236.209016206252,0.0
2026-04,10010017.0,ADMINISTRATIVO-BASE FLORES,707.874922140532,0.0
2026-04,10010018.0,ADMINISTRATIVO-BASE PONTA NEGRA,731.6468962011206,0.0
2026-04,10010019.0,ADMINISTRATIVO-BASE SÃO JOSÉ,706.5172807520312,0.0
2026-04,10010027.0,ADMINSTRATIVO-BASE CIDADE NOVA,698.4640233613342,0.0
2026-04,10020026.0,AE CT. 124.181/2021 - INSPEÇÃO INTERIOR,262.6372599151549,0.0
2026-04,10020033.0,AE-CT 116776/2019 - INSPEÇÃO CAPITAL,205686.9203921174,0.0
2026-04,10020024.0,AE-CT. 124.178/2020 - LIES INTERIOR,1896.338198677293,0.0
2026-04,10020025.0,AE-CT. 124.180/2021 MULT INTER,1242355.5132659562,0.0
2026-04,10020028.0,AE-CT. 4600000555/2021- MANUTENÇÃO EMERGENCIAL,199673.9267288684,0.0
2026-04,10020030.0,AE-CT. 4600000822/2021– MANUTENÇÃO PROGRAMADA,153423.11575205214,0.0
2026-04,10020032.0,"AE-CT. 4600000977/2021 - EXPANS, BLIND DE REDE",71597.01731500815,0.0
2026-04,10020039.0,AE-CT.116776/2019 - SERVIÇOS COMERCIAIS,47049.207038661545,0.0
2026-04,10020035.0,AE-CT.116776/2019 SMC COMERCIAL,104178.3938175742,0.0
2026-04,10020014.0,AE-CT.116776/2019-CORTE E RELIGAÇÃO,1849.3617908711522,0.0
2026-04,10020023.0,AE-CT.124.179/2020 - LIES CAPITAL,10592.054578809908,0.0
2026-04,10020036.0,AE-CT.4600001644/2022 – IMPLANTAÇÃO MLA,7.463193996054527,0.0
2026-04,10020037.0,AE-CT.4600001645/2022 – O&M,12972.868840762214,0.0
2026-04,10020040.0,AE-CT.4600002346/2023 - RESGATE DE RECEITAS,202297.7260351243,0.0
2026-04,10010022.0,ALMOXARIFADO,10926.231143908035,0.0
2026-04,1200.0,AMAZONAS ENERGIA,222.1835623164112,0.0
2026-04,10010036.0,COMUNICAÇÃO,20.552266480776684,0.0
2026-04,10020001.0,DIRETORIA TEC.OPER.,421.7131206100939,0.0
2026-04,10010001.0,DIRETORIA-ADM,321.904661350391,0.0
2026-04,10020003.0,FROTA,124102.85946138838,0.0
2026-04,10010008.0,JURIDICO,304.58301098485595,0.0
2026-04,10020034.0,LABORATÓRIO DE ENSAIOS E MEDIÇÕES(LEM),956.1545619985219,0.0
2026-04,nan,LIES RR,5072.832212159211,0.0
2026-04,10020038.0,MANUTENÇÃO PROGRAMADA INTERIOR,91.12127289349995,0.0
2026-04,10020043.0,OBRAS CONSTRUÇÕES DIVERSAS,24.4867395010549,0.0
2026-04,10220006.0,OC. 17.104/2021 MANUT LEVE RR,7808.068658460604,0.0
2026-04,10220010.0,OC. 4600002483/2024 – MANUTENÇÃO PESADA,72716.58145504675,0.0
2026-04,10220011.0,OC. 4600002484/2024 – MANUTENÇÃO LEVE,299075.22402954753,0.0
2026-04,10220012.0,OC. 4600002487/2024 – LINHA VIVA PESADA,1576.150065628145,0.0
2026-04,10220014.0,OC. 4600002976/2025 - CORTE E LIGAÇÃO - CAPITAL,41809.51798309015,0.0
2026-04,10220005.0,OFICINA MECANICA RORAIMA,117.41096794592984,0.0
2026-04,10020019.0,OFICINA MECÂNICA,94674.40851478538,0.0
2026-04,10010010.0,PATRIMÔNIO,3148.7188850692114,0.0
2026-04,10010006.0,RECURSOS HUMANOS,312.5439122145799,0.0
2026-04,10010014.0,SESMT,3054.735191155627,0.0
2026-04,10010012.0,SGQ E COMPLIANCE,1003.3246285654874,0.0
2026-04,10010031.0,SI - SISTEMA DE INFORMAÇÃO,232.82291689940328,0.0
2026-04,10010007.0,SUPRIMENTOS,545.0395986376631,0.0
2026-04,10010009.0,TI,1436.4567045217966,0.0
2026-04,10020003.0,TRANSPORTES,809.555042334023,0.0
2026-05,10010017.0,ADMINISTRATIVO-BASE FLORES,724.8639202719048,0.0
2026-05,10010018.0,ADMINISTRATIVO-BASE PONTA NEGRA,749.2064217099474,0.0
2026-05,10010019.0,ADMINISTRATIVO-BASE SÃO JOSÉ,723.4736954900799,0.0
2026-05,10210001.0,ADMINISTRAÇÃO RORAIMA,1639.0610802178924,0.0
2026-05,10010027.0,ADMINSTRATIVO-BASE CIDADE NOVA,715.2271599220062,0.0
2026-05,10020026.0,AE CT. 124.181/2021 - INSPEÇÃO INTERIOR,422.4243156215547,0.0
2026-05,10020033.0,AE-CT 116776/2019 - INSPEÇÃO CAPITAL,158072.507095123,0.0
2026-05,10020024.0,AE-CT. 124.178/2020 - LIES INTERIOR,2082.6532031958686,0.0
2026-05,10020025.0,AE-CT. 124.180/2021 MULT INTER,1112073.5330781555,0.0
2026-05,10020028.0,AE-CT. 4600000555/2021- MANUTENÇÃO EMERGENCIAL,216891.8159563599,0.0
2026-05,10020030.0,AE-CT. 4600000822/2021– MANUTENÇÃO PROGRAMADA,178981.3614334112,0.0
2026-05,10020032.0,"AE-CT. 4600000977/2021 - EXPANS, BLIND DE REDE",65136.04050945419,0.0
2026-05,10020039.0,AE-CT.116776/2019 - SERVIÇOS COMERCIAIS,39362.510083103756,0.0
2026-05,10020035.0,AE-CT.116776/2019 SMC COMERCIAL,97014.97836467777,0.0
2026-05,10020014.0,AE-CT.116776/2019-CORTE E RELIGAÇÃO,2724.3454778547507,0.0
2026-05,10020023.0,AE-CT.124.179/2020 - LIES CAPITAL,10983.190512255343,0.0
2026-05,10020036.0,AE-CT.4600001644/2022 – IMPLANTAÇÃO MLA,12.003759927866634,0.0
2026-05,10020037.0,AE-CT.4600001645/2022 – O&M,25411.144625541136,0.0
2026-05,10020040.0,AE-CT.4600002346/2023 - RESGATE DE RECEITAS,152609.24711397366,0.0
2026-05,10010022.0,ALMOXARIFADO,6761.527910671875,0.0
2026-05,1200.0,AMAZONAS ENERGIA,171.43884331311904,0.0
2026-05,10010034.0,AMBULATÓRIO,498.12296101536424,0.0
2026-05,10010036.0,COMUNICAÇÃO,29.868157607951563,0.0
2026-05,10020001.0,DIRETORIA TEC.OPER.,261.4243908603495,0.0
2026-05,10010001.0,DIRETORIA-ADM,394.68770810198686,0.0
2026-05,10020003.0,FROTA,113862.15933013964,0.0
2026-05,10010008.0,JURIDICO,443.2657475464805,0.0
2026-05,10020034.0,LABORATÓRIO DE ENSAIOS E MEDIÇÕES(LEM),1537.8737069185615,0.0
2026-05,nan,LIES RR,4860.087873037505,0.0
2026-05,10020038.0,MANUTENÇÃO PROGRAMADA INTERIOR,34.391937251699794,0.0
2026-05,10020043.0,OBRAS CONSTRUÇÕES DIVERSAS,39.38433632333041,0.0
2026-05,10220006.0,OC. 17.104/2021 MANUT LEVE RR,7480.614026198272,0.0
2026-05,10220010.0,OC. 4600002483/2024 – MANUTENÇÃO PESADA,74531.52529575501,0.0
2026-05,10220011.0,OC. 4600002484/2024 – MANUTENÇÃO LEVE,196489.28245974774,0.0
2026-05,10220012.0,OC. 4600002487/2024 – LINHA VIVA PESADA,6736.850657818424,0.0
2026-05,10220014.0,OC. 4600002976/2025 - CORTE E LIGAÇÃO - CAPITAL,49042.93888100114,0.0
2026-05,10220005.0,OFICINA MECANICA RORAIMA,28689.676484518524,0.0
2026-05,10020019.0,OFICINA MECÂNICA,449618.4190874661,0.0
2026-05,10010010.0,PATRIMÔNIO,2962.961866747422,0.0
2026-05,10010006.0,RECURSOS HUMANOS,393.9553504682337,0.0
2026-05,10010014.0,SESMT,2324.4566238535976,0.0
2026-05,10010012.0,SGQ E COMPLIANCE,215.80234080649285,0.0
2026-05,10010007.0,SUPRIMENTOS,495.4905442160573,0.0
2026-05,10010009.0,TI,4551.709199466869,0.0
2026-05,10020003.0,TRANSPORTES,1302.0838506554776,0.0
2026-06,10010017.0,ADMINISTRATIVO-BASE FLORES,736.1899190261532,0.0
2026-06,10010018.0,ADMINISTRATIVO-BASE PONTA NEGRA,760.9127720491655,0.0
2026-06,10010019.0,ADMINISTRATIVO-BASE SÃO JOSÉ,734.7779719821124,0.0
2026-06,10210001.0,ADMINISTRAÇÃO RORAIMA,642.5864462217874,0.0
2026-06,10010027.0,ADMINSTRATIVO-BASE CIDADE NOVA,726.4025842957876,0.0
2026-06,10020026.0,AE CT. 124.181/2021 - INSPEÇÃO INTERIOR,307.12535503072303,0.0
2026-06,10020033.0,AE-CT 116776/2019 - INSPEÇÃO CAPITAL,167460.216300682,0.0
2026-06,10020024.0,AE-CT. 124.178/2020 - LIES INTERIOR,2290.2957493264876,0.0
2026-06,10020025.0,AE-CT. 124.180/2021 MULT INTER,1156258.910163206,0.0
2026-06,10020028.0,AE-CT. 4600000555/2021- MANUTENÇÃO EMERGENCIAL,248883.7448141339,0.0
2026-06,10020030.0,AE-CT. 4600000822/2021– MANUTENÇÃO PROGRAMADA,147175.60668931055,0.0
2026-06,10020032.0,"AE-CT. 4600000977/2021 - EXPANS, BLIND DE REDE",94039.3549090702,0.0
2026-06,10020039.0,AE-CT.116776/2019 - SERVIÇOS COMERCIAIS,49468.46198918276,0.0
2026-06,10020035.0,AE-CT.116776/2019 SMC COMERCIAL,104607.78334631176,0.0
2026-06,10020014.0,AE-CT.116776/2019-CORTE E RELIGAÇÃO,2046.4160403457818,0.0
2026-06,10020023.0,AE-CT.124.179/2020 - LIES CAPITAL,9713.82073935307,0.0
2026-06,10020036.0,AE-CT.4600001644/2022 – IMPLANTAÇÃO MLA,8.727383564852461,0.0
2026-06,10020037.0,AE-CT.4600001645/2022 – O&M,43054.34345457762,0.0
2026-06,10020040.0,AE-CT.4600002346/2023 - RESGATE DE RECEITAS,175810.5254955405,0.0
2026-06,10010022.0,ALMOXARIFADO,5928.933509065225,0.0
2026-06,1200.0,AMAZONAS ENERGIA,1680.459318302036,0.0
2026-06,10010034.0,AMBULATÓRIO,127.25197479169421,0.0
2026-06,10010036.0,COMUNICAÇÃO,34.21695715877033,0.0
2026-06,10020001.0,DIRETORIA TEC.OPER.,449.5430474706193,0.0
2026-06,10010013.0,DIRETORIA TECNICA OPER,797.6092500000001,0.0
2026-06,10010001.0,DIRETORIA-ADM,336.69639562243106,0.0
2026-06,10020003.0,FROTA,145008.15826764965,0.0
2026-06,10020034.0,LABORATÓRIO DE ENSAIOS E MEDIÇÕES(LEM),1118.117472794638,0.0
2026-06,nan,LIES RR,5087.659531774343,0.0
2026-06,10020038.0,MANUTENÇÃO PROGRAMADA INTERIOR,10.635619790970638,0.0
2026-06,10020043.0,OBRAS CONSTRUÇÕES DIVERSAS,28.63454547628092,0.0
2026-06,10220006.0,OC. 17.104/2021 MANUT LEVE RR,7830.890767439171,0.0
2026-06,10220010.0,OC. 4600002483/2024 – MANUTENÇÃO PESADA,75247.64340358306,0.0
2026-06,10220011.0,OC. 4600002484/2024 – MANUTENÇÃO LEVE,209718.69737563317,0.0
2026-06,10220012.0,OC. 4600002487/2024 – LINHA VIVA PESADA,1425.8749353743688,0.0
2026-06,10220014.0,OC. 4600002976/2025 - CORTE E LIGAÇÃO - CAPITAL,43782.18606328206,0.0
2026-06,10220005.0,OFICINA MECANICA RORAIMA,137.29919824225894,0.0
2026-06,10020019.0,OFICINA MECÂNICA,554387.0423672197,0.0
2026-06,10010010.0,PATRIMÔNIO,3327.6788215282863,0.0
2026-06,10010006.0,RECURSOS HUMANOS,162.52283435158157,0.0
2026-06,10010014.0,SESMT,2792.4377307145264,0.0
2026-06,10010012.0,SGQ E COMPLIANCE,40.67698731847137,0.0
2026-06,10010007.0,SUPRIMENTOS,291.7888760383449,0.0
2026-06,10010009.0,TI,3633.6700363252094,0.0
2026-06,10020003.0,TRANSPORTES,946.6854774302412,0.0
2026-07,10020026.0,AE CT. 124.181/2021 - INSPEÇÃO INTERIOR,212.30935190130023,0.0
2026-07,10020033.0,AE-CT 116776/2019 - INSPEÇÃO CAPITAL,166341.2013982313,0.0
2026-07,10020024.0,AE-CT. 124.178/2020 - LIES INTERIOR,1680.9485344255063,0.0
2026-07,10020025.0,AE-CT. 124.180/2021 MULT INTER,1092390.8258209715,0.0
2026-07,10020028.0,AE-CT. 4600000555/2021- MANUTENÇÃO EMERGENCIAL,195688.90003650755,0.0
2026-07,10020030.0,AE-CT. 4600000822/2021– MANUTENÇÃO PROGRAMADA,182525.70857987224,0.0
2026-07,10020032.0,"AE-CT. 4600000977/2021 - EXPANS, BLIND DE REDE",80029.50490945726,0.0
2026-07,10020039.0,AE-CT.116776/2019 - SERVIÇOS COMERCIAIS,43887.66326990596,0.0
2026-07,10020035.0,AE-CT.116776/2019 SMC COMERCIAL,131004.50411253421,0.0
2026-07,10020014.0,AE-CT.116776/2019-CORTE E RELIGAÇÃO,1602.5717912468078,0.0
2026-07,10020023.0,AE-CT.124.179/2020 - LIES CAPITAL,9731.273873246628,0.0
2026-07,10020036.0,AE-CT.4600001644/2022 – IMPLANTAÇÃO MLA,6.033058222309687,0.0
2026-07,10020037.0,AE-CT.4600001645/2022 – O&M,46270.73431937258,0.0
2026-07,10020040.0,AE-CT.4600002346/2023 - RESGATE DE RECEITAS,173335.42336152776,0.0
2026-07,10010022.0,ALMOXARIFADO,44027.69236655259,0.0
2026-07,1200.0,AMAZONAS ENERGIA,1730.0298224958137,0.0
2026-07,10010036.0,COMUNICAÇÃO,39.67700659826157,0.0
2026-07,10010033.0,DEPARTAMENTO PESSOAL,325.95208365916443,0.0
2026-07,10020001.0,DIRETORIA TEC.OPER.,564.7781316858018,0.0
2026-07,10010001.0,DIRETORIA-ADM,18691.622875228637,0.0
2026-07,10020003.0,FROTA,194877.08604653206,0.0
2026-07,10020034.0,LABORATÓRIO DE ENSAIOS E MEDIÇÕES(LEM),772.9312872094279,0.0
2026-07,nan,LIES RR,4973.756222134332,0.0
2026-07,10020043.0,OBRAS CONSTRUÇÕES DIVERSAS,19.79446402739808,0.0
2026-07,10220006.0,OC. 17.104/2021 MANUT LEVE RR,7655.57157198789,0.0
2026-07,10220010.0,OC. 4600002483/2024 – MANUTENÇÃO PESADA,86090.82966647547,0.0
2026-07,10220011.0,OC. 4600002484/2024 – MANUTENÇÃO LEVE,198447.8434066814,0.0
2026-07,10220012.0,OC. 4600002487/2024 – LINHA VIVA PESADA,7951.271651928495,0.0
2026-07,10220014.0,OC. 4600002976/2025 - CORTE E LIGAÇÃO - CAPITAL,44808.37423839154,0.0
2026-07,10220005.0,OFICINA MECANICA RORAIMA,94.91207195337601,0.0
2026-07,10020019.0,OFICINA MECÂNICA,344182.9553959054,0.0
2026-07,10010010.0,PATRIMÔNIO,4083.5619136870023,0.0
2026-07,10010006.0,RECURSOS HUMANOS,125.01756488583197,0.0
2026-07,10010014.0,SESMT,2194.6217526675696,0.0
2026-07,10010012.0,SGQ E COMPLIANCE,39.76630462580644,0.0
2026-07,10010009.0,TI,514.5341705891985,0.0
2026-07,10020003.0,TRANSPORTES,654.423924548599,0.0
2026-08,10210001.0,ADMINISTRAÇÃO RORAIMA,502.89374052139885,0.0
2026-08,10020026.0,AE CT. 124.181/2021 - INSPEÇÃO INTERIOR,323.6493028529778,0.0
2026-08,10020033.0,AE-CT 116776/2019 - INSPEÇÃO CAPITAL,200755.4440188771,0.0
2026-08,10020024.0,AE-CT. 124.178/2020 - LIES INTERIOR,3253.24444048924,0.0
2026-08,10020025.0,AE-CT. 124.180/2021 MULT INTER,1067354.8158855757,0.0
2026-08,10020028.0,AE-CT. 4600000555/2021- MANUTENÇÃO EMERGENCIAL,195625.2297048469,0.0
2026-08,10020030.0,AE-CT. 4600000822/2021– MANUTENÇÃO PROGRAMADA,196850.03864272445,0.0
2026-08,10020032.0,"AE-CT. 4600000977/2021 - EXPANS, BLIND DE REDE",132038.30530813563,0.0
2026-08,10020039.0,AE-CT.116776/2019 - SERVIÇOS COMERCIAIS,59077.12670182981,0.0
2026-08,10020035.0,AE-CT.116776/2019 SMC COMERCIAL,100622.31119074814,0.0
2026-08,10020014.0,AE-CT.116776/2019-CORTE E RELIGAÇÃO,2007.0446780622804,0.0
2026-08,10020023.0,AE-CT.124.179/2020 - LIES CAPITAL,10013.904596964825,0.0
2026-08,10020036.0,AE-CT.4600001644/2022 – IMPLANTAÇÃO MLA,9.196933956209763,0.0
2026-08,10020037.0,AE-CT.4600001645/2022 – O&M,69238.72711433041,0.0
2026-08,10020040.0,AE-CT.4600002346/2023 - RESGATE DE RECEITAS,228466.78887144005,0.0
2026-08,10010022.0,ALMOXARIFADO,21755.710715752928,0.0
2026-08,1200.0,AMAZONAS ENERGIA,187.4405707088211,0.0
2026-08,10010036.0,COMUNICAÇÃO,31.632542000567412,0.0
2026-08,10020001.0,DIRETORIA TEC.OPER.,456.40943200858834,0.0
2026-08,10010001.0,DIRETORIA-ADM,6061.494609175593,0.0
2026-08,10020003.0,FROTA,179248.27514072607,0.0
2026-08,10020034.0,LABORATÓRIO DE ENSAIOS E MEDIÇÕES(LEM),1178.2743907337701,0.0
2026-08,nan,LIES RR,5295.058638661673,0.0
2026-08,10020038.0,MANUTENÇÃO PROGRAMADA INTERIOR,4.093653004507916,0.0
2026-08,10020043.0,OBRAS CONSTRUÇÕES DIVERSAS,30.175140310324227,0.0
2026-08,10220006.0,OC. 17.104/2021 MANUT LEVE RR,8150.118054791221,0.0
2026-08,10220010.0,OC. 4600002483/2024 – MANUTENÇÃO PESADA,83908.52675652145,0.0
2026-08,10220011.0,OC. 4600002484/2024 – MANUTENÇÃO LEVE,203611.18448735774,0.0
2026-08,10220012.0,OC. 4600002487/2024 – LINHA VIVA PESADA,1506.529014010895,0.0
2026-08,10220014.0,OC. 4600002976/2025 - CORTE E LIGAÇÃO - CAPITAL,61266.13862231703,0.0
2026-08,10220005.0,OFICINA MECANICA RORAIMA,1356.6188525148,0.0
2026-08,10020019.0,OFICINA MECÂNICA,745359.0995511657,0.0
2026-08,10010010.0,PATRIMÔNIO,11891.705082169912,0.0
2026-08,10010014.0,SESMT,2728.5741083439316,0.0
2026-08,10010012.0,SGQ E COMPLIANCE,256.5315756712279,0.0
2026-08,10010009.0,TI,547.7728467552084,0.0
2026-08,10020003.0,TRANSPORTES,997.6190170319419,0.0
2026-09,10010017.0,ADMINISTRATIVO-BASE FLORES,764.5049159117746,0.0
2026-09,10010018.0,ADMINISTRATIVO-BASE PONTA NEGRA,790.1786478972102,0.0
2026-09,10010019.0,ADMINISTRATIVO-BASE SÃO JOSÉ,763.0386632121936,0.0
2026-09,10010027.0,ADMINSTRATIVO-BASE CIDADE NOVA,754.341145230241,0.0
2026-09,10020026.0,AE CT. 124.181/2021 - INSPEÇÃO INTERIOR,888.1794991186894,0.0
2026-09,10020033.0,AE-CT 116776/2019 - INSPEÇÃO CAPITAL,186640.15353318182,0.0
2026-09,10020024.0,AE-CT. 124.178/2020 - LIES INTERIOR,7581.3226870500375,0.0
2026-09,10020025.0,AE-CT. 124.180/2021 MULT INTER,1076871.2896305716,0.0
2026-09,10020028.0,AE-CT. 4600000555/2021- MANUTENÇÃO EMERGENCIAL,212417.64628725767,0.0
2026-09,10020030.0,AE-CT. 4600000822/2021– MANUTENÇÃO PROGRAMADA,162453.79115804628,0.0
2026-09,10020032.0,"AE-CT. 4600000977/2021 - EXPANS, BLIND DE REDE",162213.62765907394,0.0
2026-09,10020039.0,AE-CT.116776/2019 - SERVIÇOS COMERCIAIS,50384.529090662145,0.0
2026-09,10020035.0,AE-CT.116776/2019 SMC COMERCIAL,105716.18223943569,0.0
2026-09,10020014.0,AE-CT.116776/2019-CORTE E RELIGAÇÃO,5315.138367348665,0.0
2026-09,10020023.0,AE-CT.124.179/2020 - LIES CAPITAL,13439.007260748584,0.0
2026-09,10020036.0,AE-CT.4600001644/2022 – IMPLANTAÇÃO MLA,25.238825242780518,0.0
2026-09,10020037.0,AE-CT.4600001645/2022 – O&M,34728.76978070026,0.0
2026-09,10020040.0,AE-CT.4600002346/2023 - RESGATE DE RECEITAS,175188.9019079373,0.0
2026-09,10010022.0,ALMOXARIFADO,14844.44911292661,0.0
2026-09,1200.0,AMAZONAS ENERGIA,167.19933009888265,0.0
2026-09,10010036.0,COMUNICAÇÃO,27.72439709133097,0.0
2026-09,10010033.0,DEPARTAMENTO PESSOAL,372.516667039045,0.0
2026-09,10020001.0,DIRETORIA TEC.OPER.,409.1973426158166,0.0
2026-09,10010001.0,DIRETORIA-ADM,6096.1050631064,0.0
2026-09,10010002.0,FINANCEIRO,93.13489778540806,0.0
2026-09,10020003.0,FROTA,119883.66209556982,0.0
2026-09,10010008.0,JURIDICO,1709.673173939754,0.0
2026-09,10020034.0,LABORATÓRIO DE ENSAIOS E MEDIÇÕES(LEM),3233.497334804069,0.0
2026-09,nan,LIES RR,5325.46659911199,0.0
2026-09,10020043.0,OBRAS CONSTRUÇÕES DIVERSAS,82.80858562156287,0.0
2026-09,10220006.0,OC. 17.104/2021 MANUT LEVE RR,8355.203853447621,0.0
2026-09,10220010.0,OC. 4600002483/2024 – MANUTENÇÃO PESADA,80073.52774597761,0.0
2026-09,10220011.0,OC. 4600002484/2024 – MANUTENÇÃO LEVE,218647.92969280033,0.0
2026-09,10220012.0,OC. 4600002487/2024 – LINHA VIVA PESADA,1778.523023814404,0.0
2026-09,10220014.0,OC. 4600002976/2025 - CORTE E LIGAÇÃO - CAPITAL,48690.10392315166,0.0
2026-09,10220005.0,OFICINA MECANICA RORAIMA,543.603801333537,0.0
2026-09,10020019.0,OFICINA MECÂNICA,484444.47093370947,0.0
2026-09,10010010.0,PATRIMÔNIO,15121.76822223679,0.0
2026-09,10010024.0,PLANEJAMENTO E PROJETOS,1306.8629713063779,0.0
2026-09,10010006.0,RECURSOS HUMANOS,293.7912774817051,0.0
2026-09,10010014.0,SESMT,3483.8068549943837,0.0
2026-09,10010012.0,SGQ E COMPLIANCE,559.4434999792096,0.0
2026-09,10010031.0,SI - SISTEMA DE INFORMAÇÃO,437.8188387709899,0.0
2026-09,10010020.0,SISTEMA DE GESTÃO INTEGRADA,93.09191509305738,0.0
2026-09,10010007.0,SUPRIMENTOS,1545.1487239843357,0.0
2026-09,10010009.0,TI,550.9185446967331,0.0
2026-09,10020003.0,TRANSPORTES,2737.731090560132,0.0
2026-10,10010027.0,ADMINSTRATIVO-BASE CIDADE NOVA,318.08051623875167,0.0
2026-10,10020026.0,AE CT. 124.181/2021 - INSPEÇÃO INTERIOR,18.723986182073748,0.0
2026-10,10020033.0,AE-CT 116776/2019 - INSPEÇÃO CAPITAL,199911.8709308061,0.0
2026-10,10020024.0,AE-CT. 124.178/2020 - LIES INTERIOR,4236.3104780906115,0.0
2026-10,10020025.0,AE-CT. 124.180/2021 MULT INTER,951705.5206376319,0.0
2026-10,10020028.0,AE-CT. 4600000555/2021- MANUTENÇÃO EMERGENCIAL,188792.0887035384,0.0
2026-10,10020030.0,AE-CT. 4600000822/2021– MANUTENÇÃO PROGRAMADA,145875.9312895376,0.0
2026-10,10020032.0,"AE-CT. 4600000977/2021 - EXPANS, BLIND DE REDE",57214.99559225862,0.0
2026-10,10020039.0,AE-CT.116776/2019 - SERVIÇOS COMERCIAIS,58272.058478134764,0.0
2026-10,10020035.0,AE-CT.116776/2019 SMC COMERCIAL,83408.50635641557,0.0
2026-10,10020014.0,AE-CT.116776/2019-CORTE E RELIGAÇÃO,377.21042204633704,0.0
2026-10,10020023.0,AE-CT.124.179/2020 - LIES CAPITAL,8963.655316047832,0.0
2026-10,10020036.0,AE-CT.4600001644/2022 – IMPLANTAÇÃO MLA,0.5320674656040961,0.0
2026-10,10020037.0,AE-CT.4600001645/2022 – O&M,21055.36045992621,0.0
2026-10,10020040.0,AE-CT.4600002346/2023 - RESGATE DE RECEITAS,202459.43266800337,0.0
2026-10,10010022.0,ALMOXARIFADO,7062.921821686382,0.0
2026-10,1200.0,AMAZONAS ENERGIA,29956.958872785217,0.0
2026-10,10010036.0,COMUNICAÇÃO,15.735195081285308,0.0
2026-10,10020001.0,DIRETORIA TEC.OPER.,458.34495732937575,0.0
2026-10,10010001.0,DIRETORIA-ADM,4016.069117424797,0.0
2026-10,10020003.0,FROTA,159941.65743097375,0.0
2026-10,10020034.0,LABORATÓRIO DE ENSAIOS E MEDIÇÕES(LEM),68.16635542333438,0.0
2026-10,nan,LIES RR,5133.032682986739,0.0
2026-10,10020043.0,OBRAS CONSTRUÇÕES DIVERSAS,1.745713354647039,0.0
2026-10,10220006.0,OC. 17.104/2021 MANUT LEVE RR,7900.728811573163,0.0
2026-10,10220010.0,OC. 4600002483/2024 – MANUTENÇÃO PESADA,85283.58085131383,0.0
2026-10,10220011.0,OC. 4600002484/2024 – MANUTENÇÃO LEVE,215765.8222615987,0.0
2026-10,10220012.0,OC. 4600002487/2024 – LINHA VIVA PESADA,1280.722235949776,0.0
2026-10,10220014.0,OC. 4600002976/2025 - CORTE E LIGAÇÃO - CAPITAL,47949.77135943122,0.0
2026-10,10220005.0,OFICINA MECANICA RORAIMA,8.37048536888364,0.0
2026-10,10020019.0,OFICINA MECÂNICA,421976.93362134206,0.0
2026-10,10010010.0,PATRIMÔNIO,3659.119023085486,0.0
2026-10,10010014.0,SESMT,2450.1045759120825,0.0
2026-10,10010012.0,SGQ E COMPLIANCE,41.03975591274128,0.0
2026-10,10010009.0,TI,531.0112913041957,0.0
2026-10,10020003.0,TRANSPORTES,57.71495419647314,0.0
2026-11,10010017.0,ADMINISTRATIVO-BASE FLORES,525.5725900253774,0.0
2026-11,10010018.0,ADMINISTRATIVO-BASE PONTA NEGRA,575.0130020747999,0.0
2026-11,10010019.0,ADMINISTRATIVO-BASE SÃO JOSÉ,535.8764010356775,0.0
2026-11,10210001.0,ADMINISTRAÇÃO RORAIMA,498.23731699805256,0.0
2026-11,10010027.0,ADMINSTRATIVO-BASE CIDADE NOVA,550.3933755501894,0.0
2026-11,10020026.0,AE CT. 124.181/2021 - INSPEÇÃO INTERIOR,393.2770208931311,0.0
2026-11,10020033.0,AE-CT 116776/2019 - INSPEÇÃO CAPITAL,161395.9393751312,0.0
2026-11,10020024.0,AE-CT. 124.178/2020 - LIES INTERIOR,3034.049795820239,0.0
2026-11,10020025.0,AE-CT. 124.180/2021 MULT INTER,1088383.0645155062,0.0
2026-11,10020028.0,AE-CT. 4600000555/2021- MANUTENÇÃO EMERGENCIAL,192712.91013491614,0.0
2026-11,10020030.0,AE-CT. 4600000822/2021– MANUTENÇÃO PROGRAMADA,146633.1564097393,0.0
2026-11,10020032.0,"AE-CT. 4600000977/2021 - EXPANS, BLIND DE REDE",84664.74132502577,0.0
2026-11,10020039.0,AE-CT.116776/2019 - SERVIÇOS COMERCIAIS,43641.92539139311,0.0
2026-11,10020035.0,AE-CT.116776/2019 SMC COMERCIAL,89017.5869682411,0.0
2026-11,10020014.0,AE-CT.116776/2019-CORTE E RELIGAÇÃO,2567.5090548505764,0.0
2026-11,10020023.0,AE-CT.124.179/2020 - LIES CAPITAL,11314.543617727786,0.0
2026-11,10020036.0,AE-CT.4600001644/2022 – IMPLANTAÇÃO MLA,11.175500011171353,0.0
2026-11,10020037.0,AE-CT.4600001645/2022 – O&M,30230.958032813855,0.0
2026-11,10020040.0,AE-CT.4600002346/2023 - RESGATE DE RECEITAS,164277.69649562935,0.0
2026-11,10010022.0,ALMOXARIFADO,22304.196849152337,0.0
2026-11,1200.0,AMAZONAS ENERGIA,182.3060204545454,0.0
2026-11,10010034.0,AMBULATÓRIO,76.7309830767025,0.0
2026-11,10010036.0,COMUNICAÇÃO,25.79757722240204,0.0
2026-11,10010033.0,DEPARTAMENTO PESSOAL,83.81625008378514,0.0
2026-11,10020001.0,DIRETORIA TEC.OPER.,400.6673825511657,0.0
2026-11,10010001.0,DIRETORIA-ADM,3326.6811610099635,0.0
2026-11,10010002.0,FINANCEIRO,60.537683560515234,0.0
2026-11,10020003.0,FROTA,68554.19861889718,0.0
2026-11,10010008.0,JURIDICO,389.55557938941104,0.0
2026-11,10020034.0,LABORATÓRIO DE ENSAIOS E MEDIÇÕES(LEM),1431.760359431229,0.0
2026-11,nan,LIES RR,4902.800000000001,0.0
2026-11,10020038.0,MANUTENÇÃO PROGRAMADA INTERIOR,14.910467272727267,0.0
2026-11,10020043.0,OBRAS CONSTRUÇÕES DIVERSAS,36.666815536653196,0.0
2026-11,10220006.0,OC. 17.104/2021 MANUT LEVE RR,7562.184447382773,0.0
2026-11,10220010.0,OC. 4600002483/2024 – MANUTENÇÃO PESADA,70636.97769235818,0.0
2026-11,10220011.0,OC. 4600002484/2024 – MANUTENÇÃO LEVE,210261.20762915516,0.0
2026-11,10220012.0,OC. 4600002487/2024 – LINHA VIVA PESADA,1822.1874886055366,0.0
2026-11,10220014.0,OC. 4600002976/2025 - CORTE E LIGAÇÃO - CAPITAL,37508.34985588447,0.0
2026-11,10220005.0,OFICINA MECANICA RORAIMA,3241.4664113090803,0.0
2026-11,10020019.0,OFICINA MECÂNICA,401428.59972760285,0.0
2026-11,10010010.0,PATRIMÔNIO,7127.788477467875,0.0
2026-11,10010024.0,PLANEJAMENTO E PROJETOS,130.68629713063783,0.0
2026-11,10010006.0,RECURSOS HUMANOS,173.35435617329003,0.0
2026-11,10010014.0,SESMT,2454.545536519278,0.0
2026-11,10010012.0,SGQ E COMPLIANCE,325.0235818857186,0.0
2026-11,10010031.0,SI - SISTEMA DE INFORMAÇÃO,67.06417556703931,0.0
2026-11,10010020.0,SISTEMA DE GESTÃO INTEGRADA,9.309191509305737,0.0
2026-11,10010007.0,SUPRIMENTOS,287.7467742876401,0.0
2026-11,10010009.0,TI,1378.3239882708074,0.0
2026-11,10020003.0,TRANSPORTES,1212.2400127117903,0.0
2026-12,10010017.0,ADMINISTRATIVO-BASE FLORES,525.5725900253774,0.0
2026-12,10010018.0,ADMINISTRATIVO-BASE PONTA NEGRA,575.0130020747999,0.0
2026-12,10010019.0,ADMINISTRATIVO-BASE SÃO JOSÉ,535.8764010356775,0.0
2026-12,10210001.0,ADMINISTRAÇÃO RORAIMA,498.23731699805256,0.0
2026-12,10010027.0,ADMINSTRATIVO-BASE CIDADE NOVA,550.3933755501894,0.0
2026-12,10020026.0,AE CT. 124.181/2021 - INSPEÇÃO INTERIOR,393.2770208931311,0.0
2026-12,10020033.0,AE-CT 116776/2019 - INSPEÇÃO CAPITAL,161395.9393751312,0.0
2026-12,10020024.0,AE-CT. 124.178/2020 - LIES INTERIOR,3034.049795820239,0.0
2026-12,10020025.0,AE-CT. 124.180/2021 MULT INTER,1035586.1449155062,0.0
2026-12,10020028.0,AE-CT. 4600000555/2021- MANUTENÇÃO EMERGENCIAL,192712.91013491614,0.0
2026-12,10020030.0,AE-CT. 4600000822/2021– MANUTENÇÃO PROGRAMADA,140526.59000973933,0.0
2026-12,10020032.0,"AE-CT. 4600000977/2021 - EXPANS, BLIND DE REDE",78558.17492502577,0.0
2026-12,10020039.0,AE-CT.116776/2019 - SERVIÇOS COMERCIAIS,43641.92539139311,0.0
2026-12,10020035.0,AE-CT.116776/2019 SMC COMERCIAL,89017.5869682411,0.0
2026-12,10020014.0,AE-CT.116776/2019-CORTE E RELIGAÇÃO,2567.5090548505764,0.0
2026-12,10020023.0,AE-CT.124.179/2020 - LIES CAPITAL,11314.543617727786,0.0
2026-12,10020036.0,AE-CT.4600001644/2022 – IMPLANTAÇÃO MLA,11.175500011171353,0.0
2026-12,10020037.0,AE-CT.4600001645/2022 – O&M,30230.958032813855,0.0
2026-12,10020040.0,AE-CT.4600002346/2023 - RESGATE DE RECEITAS,164277.69649562935,0.0
2026-12,10010022.0,ALMOXARIFADO,22304.196849152337,0.0
2026-12,1200.0,AMAZONAS ENERGIA,182.3060204545454,0.0
2026-12,10010034.0,AMBULATÓRIO,76.7309830767025,0.0
2026-12,10010036.0,COMUNICAÇÃO,25.79757722240204,0.0
2026-12,10010033.0,DEPARTAMENTO PESSOAL,83.81625008378514,0.0
2026-12,10020001.0,DIRETORIA TEC.OPER.,400.6673825511657,0.0
2026-12,10010001.0,DIRETORIA-ADM,3326.6811610099635,0.0
2026-12,10010002.0,FINANCEIRO,60.537683560515234,0.0
2026-12,10020003.0,FROTA,67755.01581889717,0.0
2026-12,10010008.0,JURIDICO,389.55557938941104,0.0
2026-12,10020034.0,LABORATÓRIO DE ENSAIOS E MEDIÇÕES(LEM),1431.760359431229,0.0
2026-12,nan,LIES RR,4902.800000000001,0.0
2026-12,10020038.0,MANUTENÇÃO PROGRAMADA INTERIOR,14.910467272727267,0.0
2026-12,10020043.0,OBRAS CONSTRUÇÕES DIVERSAS,36.666815536653196,0.0
2026-12,10220006.0,OC. 17.104/2021 MANUT LEVE RR,7562.184447382773,0.0
2026-12,10220010.0,OC. 4600002483/2024 – MANUTENÇÃO PESADA,70636.97769235818,0.0
2026-12,10220011.0,OC. 4600002484/2024 – MANUTENÇÃO LEVE,197013.05482915518,0.0
2026-12,10220012.0,OC. 4600002487/2024 – LINHA VIVA PESADA,1822.1874886055366,0.0
2026-12,10220014.0,OC. 4600002976/2025 - CORTE E LIGAÇÃO - CAPITAL,37508.34985588447,0.0
2026-12,10220005.0,OFICINA MECANICA RORAIMA,3241.4664113090803,0.0
2026-12,10020019.0,OFICINA MECÂNICA,396159.51272760285,0.0
2026-12,10010010.0,PATRIMÔNIO,5267.672077467875,0.0
2026-12,10010024.0,PLANEJAMENTO E PROJETOS,130.68629713063783,0.0
2026-12,10010006.0,RECURSOS HUMANOS,173.35435617329003,0.0
2026-12,10010014.0,SESMT,2454.545536519278,0.0
2026-12,10010012.0,SGQ E COMPLIANCE,325.0235818857186,0.0
2026-12,10010031.0,SI - SISTEMA DE INFORMAÇÃO,67.06417556703931,0.0
2026-12,10010020.0,SISTEMA DE GESTÃO INTEGRADA,9.309191509305737,0.0
2026-12,10010007.0,SUPRIMENTOS,287.7467742876401,0.0
2026-12,10010009.0,TI,1378.3239882708074,0.0
2026-12,10020003.0,TRANSPORTES,1212.2400127117903,0.0
